Sample List							44Ca (STD)		83Kr (STD)		85Rb (STD)		88Sr (STD)
Index	Category	Label	Main Runs	Sample Type	Dilution Factor	Comment	Value	Value	Value	Value			
1	Intensity average	HNO3	5	UNKNOWN	1	<Comment>	193406.503228275	427.3421368758	19055.7637568537	10569.5162894869			
1	Intensity SD	HNO3	5	UNKNOWN	1	<Comment>	20519.9018727215	11.8793752364	12187.4207413291	10083.8063553604			
1	Concentration average	HNO3	5	UNKNOWN	1	<Comment>	0.1261856689	9.339592981	0.0077664587	0.0092952259			
1	Concentration SD	HNO3	5	UNKNOWN	1	<Comment>	1.3902348825	0.2596245959	0.0379846625	0.0232114298			
2	Intensity average	Blank	5	BLK	1	<Comment>	191543.999577824	414.0083981938	16563.8869351125	6531.3653286089			
2	Intensity SD	Blank	5	BLK	1	<Comment>	18741.3688629332	43.4884147505	3125.1367904739	5949.9698788958			
2	Concentration average	Blank	5	BLK	1	<Comment>	0	9.0481831679	0	0			
2	Concentration SD	Blank	5	BLK	1	<Comment>	1.2697382717	0.9504424163	0.0097401467	0.0136959501			
3	Intensity average	0.8ppbSr	5	STD	275	<Comment>	199210.587550025	400.6740109557	16005.7126334667	363836.158027547			
3	Intensity SD	0.8ppbSr	5	STD	275	<Comment>	27799.8979556991	31.3942239437	3311.8673366365	35681.9842238386			
3	Concentration average	0.8ppbSr	5	STD	275	<Comment>	N/A	N/A	N/A	0.8224627514			
3	Concentration SD	0.8ppbSr	5	STD	275	<Comment>	N/A	N/A	N/A	0.0821346467			
4	Intensity average	5ppb Sr-Std-1	5	STD	10000	<Comment>	246628.029720482	432.0089986223	1330744.20485844	1811045.82634819			
4	Intensity SD	5ppb Sr-Std-1	5	STD	10000	<Comment>	4918.1121825012	30.9673678852	42855.8761008293	15744.2122553342			
4	Concentration average	5ppb Sr-Std-1	5	STD	10000	<Comment>	3.7319739951	N/A	4.0959196298	4.1537252194			
4	Concentration SD	5ppb Sr-Std-1	5	STD	10000	<Comment>	0.333204864	N/A	0.1335693601	0.0362408465			
5	Intensity average	11ppbSr	5	STD	20	<Comment>	240240.842744235	426.0089200841	17840.1553135817	4145991.98076891			
5	Intensity SD	11ppbSr	5	STD	20	<Comment>	5267.9817830309	31.5709090905	10147.8785307242	55356.193816656			
5	Concentration average	11ppbSr	5	STD	20	<Comment>	N/A	N/A	N/A	9.5284256927			
5	Concentration SD	11ppbSr	5	STD	20	<Comment>	N/A	N/A	N/A	0.1274217654			
6	Intensity average	50ppb Sr-Std-1	5	STD	1000	<Comment>	842177.298076066	416.0081625855	15339861.4455645	20351671.6610761			
6	Intensity SD	50ppb Sr-Std-1	5	STD	1000	<Comment>	13123.0149707297	37.8905526154	386103.702676982	477313.886888453			
6	Concentration average	50ppb Sr-Std-1	5	STD	1000	<Comment>	44.0807715784	N/A	47.7582827926	46.8315018611			
6	Concentration SD	50ppb Sr-Std-1	5	STD	1000	<Comment>	0.8890916384	N/A	1.2033734742	1.0987059247			
7	Intensity average	110ppbSr	5	STD	2	<Comment>	766366.674388587	396.0072049506	19719.098030641	50073095.8172856			
7	Intensity SD	110ppbSr	5	STD	2	<Comment>	10311.3889730703	36.1645065306	5011.3646316984	701262.918043582			
7	Concentration average	110ppbSr	5	STD	2	<Comment>	N/A	N/A	N/A	115.2458214703			
7	Concentration SD	110ppbSr	5	STD	2	<Comment>	N/A	N/A	N/A	1.6142034498			
8	Intensity average	220ppb Sr	5	STD	1	<Comment>	1685664.51406626	370.0067565454	20807.1172149865	91728588.6295815			
8	Intensity SD	220ppb Sr	5	STD	1	<Comment>	35454.313540732	26.0348532478	11205.3519137283	1337609.31645604			
8	Concentration average	220ppb Sr	5	STD	1	<Comment>	N/A	N/A	N/A	211.1306008726			
8	Concentration SD	220ppb Sr	5	STD	1	<Comment>	N/A	N/A	N/A	3.0789786791			
9	Intensity average	500ppb Sr-Std-1	5	STD	100	<Comment>	7620530.47898467	402.0077192413	160796484.725732	215699969.373759			
9	Intensity SD	500ppb Sr-Std-1	5	STD	100	<Comment>	190935.846288461	52.4210920012	2590775.38091051	7228577.93850104			
9	Concentration average	500ppb Sr-Std-1	5	STD	100	<Comment>	503.3180084903	N/A	501.1044716334	496.4943714661			
9	Concentration SD	500ppb Sr-Std-1	5	STD	100	<Comment>	12.9360108771	N/A	8.0746969	16.6391165782			
10	Intensity average	5000ppb Sr-Std-1	5	STD	10	<Comment>	73987664.9117798	442.0095382374	1604244108.44792	2172457746.94626			
10	Intensity SD	5000ppb Sr-Std-1	5	STD	10	<Comment>	1683107.67896472	25.0115458774	32285093.367778	46548667.7467258			
10	Concentration average	5000ppb Sr-Std-1	5	STD	10	<Comment>	4999.7286594612	N/A	4999.9128740891	5000.6611734683			
10	Concentration SD	5000ppb Sr-Std-1	5	STD	10	<Comment>	114.031491025	N/A	100.6232903294	107.1481439069			
11	Intensity average	HNO3	5	BLK	1	<Comment>	240477.754344858	405.3409892342	227909.965184971	231232.173484648			
11	Intensity SD	HNO3	5	BLK	1	<Comment>	37934.7247257446	43.5011718456	62101.7443776285	168749.493058612			
11	Concentration average	HNO3	5	BLK	1	<Comment>	N/A	N/A	N/A	N/A			
11	Concentration SD	HNO3	5	BLK	1	<Comment>	N/A	N/A	N/A	N/A			
12	Intensity average	11ppbSr-Drift	5	UNKNOWN	1	<Comment>	298359.699151183	402.0079573841	138745.920304562	4546466.17348181			
12	Intensity SD	11ppbSr-Drift	5	UNKNOWN	1	<Comment>	40102.1525132012	28.5388682308	41948.2280601829	256114.373874412			
12	Concentration average	11ppbSr-Drift	5	UNKNOWN	1	<Comment>	7.2368236682	8.7859126753	0.3808060295	10.4502580138			
12	Concentration SD	11ppbSr-Drift	5	UNKNOWN	1	<Comment>	2.716943367	0.6237190074	0.1307404839	0.5895373835			
13	Intensity average	SR-1e.3	2	UNKNOWN	1	<Comment>	6191759.11317876	485.0110772861	100901.050955079	358165738.178279			
13	Intensity SD	SR-1e.3	2	UNKNOWN	1	<Comment>	61872.8063069462	25.9280816363	40694.2718189951	734082.69735773			
13	Concentration average	SR-1e.3	2	UNKNOWN	1	<Comment>	406.517945599	10.5999518003	0.2628545268	824.4294861879			
13	Concentration SD	SR-1e.3	2	UNKNOWN	1	<Comment>	4.191917395	0.5666600795	0.1268322653	1.6897497244			
14	Intensity average	SR-1f.3	2	UNKNOWN	1	<Comment>	2550318.77564974	438.342333205	81333.1739494485	141344755.464749			
14	Intensity SD	SR-1f.3	2	UNKNOWN	1	<Comment>	98768.0499144947	21.213158639	18650.4451969408	4515836.82268171			
14	Concentration average	SR-1f.3	2	UNKNOWN	1	<Comment>	159.8083165262	9.5800030589	0.2018671186	325.3396736883			
14	Concentration SD	SR-1f.3	2	UNKNOWN	1	<Comment>	6.6915908816	0.4636151	0.0581280389	10.3947880178			
15	Intensity average	SR-1g.3	2	UNKNOWN	1	<Comment>	433667.626580892	441.675577869	55496.8800703414	5827252.46226717			
15	Intensity SD	SR-1g.3	2	UNKNOWN	1	<Comment>	3935.2508395484	44.7847282261	10364.2812518966	123531.219244241			
15	Concentration average	SR-1g.3	2	UNKNOWN	1	<Comment>	16.404011784	9.6528513595	0.1213428695	13.398438493			
15	Concentration SD	SR-1g.3	2	UNKNOWN	1	<Comment>	0.2666154557	0.9787734401	0.0323024645	0.284350584			
16	Intensity average	SR-1h.3	2	UNKNOWN	1	<Comment>	308060.422060662	400.0076254956	111838.229357466	3506329.2227631			
16	Intensity SD	SR-1h.3	2	UNKNOWN	1	<Comment>	12520.3537217504	9.428162065	81414.8489203554	411019.196797771			
16	Concentration average	SR-1h.3	2	UNKNOWN	1	<Comment>	7.8940530963	8.7421952788	0.2969425459	8.0560166945			
16	Concentration SD	SR-1h.3	2	UNKNOWN	1	<Comment>	0.8482610001	0.2060531566	0.2537465166	0.9461053598			
17	Intensity average	SR-1i.3	2	UNKNOWN	1	<Comment>	851568.767147363	388.341066515	69614.76851832	2887428.71737906			
17	Intensity SD	SR-1i.3	2	UNKNOWN	1	<Comment>	17329.0012831154	16.4986834907	7444.3949093572	243549.453900449			
17	Concentration average	SR-1i.3	2	UNKNOWN	1	<Comment>	44.7170488852	8.4872217974	0.165344241	6.6313993289			
17	Concentration SD	SR-1i.3	2	UNKNOWN	1	<Comment>	1.1740495745	0.3605799083	0.023202024	0.5606147973			
18	Intensity average	SR-1j.3	2	UNKNOWN	1	<Comment>	249230.230745772	411.6746151759	70061.1839633154	132073.879490181			
18	Intensity SD	SR-1j.3	2	UNKNOWN	1	<Comment>	7066.6883772561	11.7860176891	9811.8703222269	56391.2675285118			
18	Concentration average	SR-1j.3	2	UNKNOWN	1	<Comment>	3.9082745768	8.9971781731	0.1667355888	0.2889802872			
18	Concentration SD	SR-1j.3	2	UNKNOWN	1	<Comment>	0.4787721085	0.25758426	0.0305807595	0.1298043519			
19	Intensity average	HNO3	5	BLK	1	<Comment>	216963.10466465	387.3410931176	48166.6892532465	67573.717193612			
19	Intensity SD	HNO3	5	BLK	1	<Comment>	20848.1797071923	28.5202855157	17913.344185963	33388.5218204903			
19	Concentration average	HNO3	5	BLK	1	<Comment>	N/A	N/A	N/A	N/A			
19	Concentration SD	HNO3	5	BLK	1	<Comment>	N/A	N/A	N/A	N/A			
20	Intensity average	11ppbSr-Drift	5	UNKNOWN	1	<Comment>	271055.555246671	387.3406826933	51999.8365324307	4317013.62165045			
20	Intensity SD	11ppbSr-Drift	5	UNKNOWN	1	<Comment>	8398.9001428568	12.9962008014	24602.4834891855	95372.342316223			
20	Concentration average	11ppbSr-Drift	5	UNKNOWN	1	<Comment>	5.3869525759	8.4653583374	0.1104435971	9.9220921987			
20	Concentration SD	11ppbSr-Drift	5	UNKNOWN	1	<Comment>	0.5690302042	0.2840328985	0.0766788193	0.2195330168			
21	Intensity average	SR-1d.11	2	UNKNOWN	1	<Comment>	552387.545340347	406.674659522	66638.6655516842	5153832.50602544			
21	Intensity SD	SR-1d.11	2	UNKNOWN	1	<Comment>	773.6970223527	47.1422613994	33802.2878393075	159840.798754695			
21	Concentration average	SR-1d.11	2	UNKNOWN	1	<Comment>	24.4473529913	8.8879037845	0.1560685896	11.8483254205			
21	Concentration SD	SR-1d.11	2	UNKNOWN	1	<Comment>	0.052418408	1.0302974963	0.1053519463	0.3679298621			
22	Intensity average	SR-1d.12	2	UNKNOWN	1	<Comment>	2605635.72852526	408.3408638304	57319.7431374058	111115786.920565			
22	Intensity SD	SR-1d.12	2	UNKNOWN	1	<Comment>	5538.5967330619	40.0704322109	23622.1435639674	931674.972305256			
22	Concentration average	SR-1d.12	2	UNKNOWN	1	<Comment>	163.5560711673	8.9243187989	0.127024206	255.7570620151			
22	Concentration SD	SR-1d.12	2	UNKNOWN	1	<Comment>	0.3752430409	0.8757421633	0.0736233835	2.1445778975			
23	Intensity average	SR-1d.13	2	UNKNOWN	1	<Comment>	5376557.9026894	393.3411995311	88996.6390885357	289155884.848184			
23	Intensity SD	SR-1d.13	2	UNKNOWN	1	<Comment>	231155.597508779	14.1420997911	45324.0015152737	2188589.3983404			
23	Concentration average	SR-1d.13	2	UNKNOWN	1	<Comment>	351.2876055089	8.5965000623	0.2257519211	665.5790173445			
23	Concentration SD	SR-1d.13	2	UNKNOWN	1	<Comment>	15.6609216226	0.3090766029	0.1412617926	5.0378088817			
24	Intensity average	SR-1d.14	2	UNKNOWN	1	<Comment>	5013629.92756996	438.3425992322	39718.8496090462	273294932.7123			
24	Intensity SD	SR-1d.14	2	UNKNOWN	1	<Comment>	20904.4312497375	44.7853910648	5688.5662110805	4238809.14998352			
24	Concentration average	SR-1d.14	2	UNKNOWN	1	<Comment>	326.6990312574	9.5800088729	0.0721673159	629.0694529633			
24	Concentration SD	SR-1d.14	2	UNKNOWN	1	<Comment>	1.4162869638	0.9787879265	0.0177296142	9.7571113156			
25	Intensity average	SR-1d.15	2	UNKNOWN	1	<Comment>	2294123.56580308	420.0081448476	49284.2651274891	113968038.44993			
25	Intensity SD	SR-1d.15	2	UNKNOWN	1	<Comment>	27606.7798255063	23.571157564	2735.7493659828	7164496.12053046			
25	Concentration average	SR-1d.15	2	UNKNOWN	1	<Comment>	142.4509470974	9.1793080604	0.1019799471	262.3225228998			
25	Concentration SD	SR-1d.15	2	UNKNOWN	1	<Comment>	1.870374846	0.5151493353	0.0085265388	16.4916097174			
26	Intensity average	SR-1d.16	2	UNKNOWN	1	<Comment>	662165.351026379	385.0070491472	30360.2927257568	33380318.8602915			
26	Intensity SD	SR-1d.16	2	UNKNOWN	1	<Comment>	12239.7909542458	44.7845132595	4718.7118024497	346317.36125193			
26	Concentration average	SR-1d.16	2	UNKNOWN	1	<Comment>	31.8848610131	8.4143566093	0.0429994031	76.8215194618			
26	Concentration SD	SR-1d.16	2	UNKNOWN	1	<Comment>	0.829252715	0.978768742	0.0147068587	0.7971713103			
27	Intensity average	HNO3	5	BLK	1	<Comment>	218392.415138332	396.6742947024	38616.6006193067	47412.0868798371			
27	Intensity SD	HNO3	5	BLK	1	<Comment>	29617.2016602177	24.3816712694	18066.339426728	17571.9060446125			
27	Concentration average	HNO3	5	BLK	1	<Comment>	N/A	N/A	N/A	N/A			
27	Concentration SD	HNO3	5	BLK	1	<Comment>	N/A	N/A	N/A	N/A			
28	Intensity average	11ppbSr-Drift	5	UNKNOWN	1	<Comment>	260075.937544501	360.672982395	45718.4941519623	4306714.06133201			
28	Intensity SD	11ppbSr-Drift	5	UNKNOWN	1	<Comment>	4723.8026713374	43.9333762016	31007.5297951627	49860.175761315			
28	Concentration average	11ppbSr-Drift	5	UNKNOWN	1	<Comment>	4.6430773068	7.8825338391	0.0908664712	9.8983841352			
28	Concentration SD	11ppbSr-Drift	5	UNKNOWN	1	<Comment>	0.3200402854	0.9601670806	0.0966414945	0.1147707453			
29	Intensity average	SR-1d.1	2	UNKNOWN	1	<Comment>	1015630479.71686	486.6774336098	36631.8248513582	196594926.388361			
29	Intensity SD	SR-1d.1	2	UNKNOWN	1	<Comment>	6632846.72973528	0.0002865851	13631.7968924543	3808678.26837395			
29	Concentration average	SR-1d.1	2	UNKNOWN	1	<Comment>	68796.5584922638	10.636370137	0.0625459533	452.5173900778			
29	Concentration SD	SR-1d.1	2	UNKNOWN	1	<Comment>	449.3790930822	6.26207081673802E-006	0.0424863649	8.7670136859			
30	Intensity average	SR-1e.1	2	UNKNOWN	1	<Comment>	495092711.000628	500.011387626	32988.1057999132	42618242.1739121			
30	Intensity SD	SR-1e.1	2	UNKNOWN	1	<Comment>	21131815.4291285	51.8561095302	10261.8823061538	1791124.03013289			
30	Concentration average	SR-1e.1	2	UNKNOWN	1	<Comment>	33529.8321601456	10.9277846562	0.0511895358	98.0858517086			
30	Concentration SD	SR-1e.1	2	UNKNOWN	1	<Comment>	1431.692369754	1.1333189845	0.0319833166	4.1229024293			
31	Intensity average	SR-1f.1	2	UNKNOWN	1	<Comment>	269237706.893947	413.3408068169	19880.3781988404	24799669.1439541			
31	Intensity SD	SR-1f.1	2	UNKNOWN	1	<Comment>	2516958.17534102	28.2855252249	484.0239480679	99595.7347003374			
31	Concentration average	SR-1f.1	2	UNKNOWN	1	<Comment>	18228.0287190356	9.0335929106	0.0103365432	57.070133759			
31	Concentration SD	SR-1f.1	2	UNKNOWN	1	<Comment>	170.5253307131	0.6181821778	0.0015085625	0.229254641			
32	Intensity average	SR-1g.1	2	UNKNOWN	1	<Comment>	150170434.519832	428.3428905916	21723.4817253066	23972015.3110935			
32	Intensity SD	SR-1g.1	2	UNKNOWN	1	<Comment>	1237628.53382103	73.0711312712	1166.0712717902	169567.047128857			
32	Concentration average	SR-1g.1	2	UNKNOWN	1	<Comment>	10161.1541091765	9.361464525	0.0160809634	55.1649971293			
32	Concentration SD	SR-1g.1	2	UNKNOWN	1	<Comment>	83.8500286169	1.5969748027	0.0036343066	0.3903182464			
33	Intensity average	SR-1h.1	2	UNKNOWN	1	<Comment>	80057842.5437403	423.3418581987	23430.4502975082	18233273.073262			
33	Intensity SD	SR-1h.1	2	UNKNOWN	1	<Comment>	4597487.85867478	18.8560016704	6574.793675291	192034.418710553			
33	Concentration average	SR-1h.1	2	UNKNOWN	1	<Comment>	5410.9866049925	9.2521666042	0.0214010903	41.9552618369			
33	Concentration SD	SR-1h.1	2	UNKNOWN	1	<Comment>	311.4823858545	0.4120992658	0.0204917287	0.4420348106			
34	Intensity average	SR-1i.1	2	UNKNOWN	1	<Comment>	39528543.6218605	488.3442839472	17403.6999613895	8852442.43333672			
34	Intensity SD	SR-1i.1	2	UNKNOWN	1	<Comment>	687518.727552566	40.0710413058	583.4389312706	352320.89461451			
34	Concentration average	SR-1i.1	2	UNKNOWN	1	<Comment>	2665.1038287328	10.6727992704	0.0026174541	20.3619780755			
34	Concentration SD	SR-1i.1	2	UNKNOWN	1	<Comment>	46.5797801235	0.8757554751	0.0018184103	0.8109905556			
35	Intensity average	SR-1j.1	2	UNKNOWN	1	<Comment>	1507220.8626112	445.0095445733	17002.1519581685	37276.7867852269			
35	Intensity SD	SR-1j.1	2	UNKNOWN	1	<Comment>	5840.3101738485	49.498880911	534.3000167414	958.4024872844			
35	Concentration average	SR-1j.1	2	UNKNOWN	1	<Comment>	89.1378467782	9.7257154404	0.0013659452	0.0707714098			
35	Concentration SD	SR-1j.1	2	UNKNOWN	1	<Comment>	0.3956842961	1.0818015843	0.0016652585	0.0022061007			
36	Intensity average	HNO3	5	BLK	1	<Comment>	259876.963953177	378.6735473472	17212.0137606076	9398.3657752776			
36	Intensity SD	HNO3	5	BLK	1	<Comment>	33049.5072316373	21.422453046	971.9061116638	5369.6149812709			
36	Concentration average	HNO3	5	BLK	1	<Comment>	N/A	N/A	N/A	N/A			
36	Concentration SD	HNO3	5	BLK	1	<Comment>	N/A	N/A	N/A	N/A			
37	Intensity average	11ppbSr-Drift	5	UNKNOWN	1	<Comment>	315992.294657496	374.0067109419	18898.5564995088	4433467.61358787			
37	Intensity SD	11ppbSr-Drift	5	UNKNOWN	1	<Comment>	42242.8301781719	37.6690408801	3902.4291028715	113997.331141817			
37	Concentration average	11ppbSr-Drift	5	UNKNOWN	1	<Comment>	8.4314419219	8.1739434306	0.0072764892	10.1901520528			
37	Concentration SD	11ppbSr-Drift	5	UNKNOWN	1	<Comment>	2.8619754817	0.8232595839	0.0121627419	0.2624049846			
38	Intensity average	SR-1d.2	2	UNKNOWN	1	<Comment>	709323794.648562	440.0092848927	21851.4020640943	517573253.009088			
38	Intensity SD	SR-1d.2	2	UNKNOWN	1	<Comment>	2038548.41318424	9.4287532465	1580.8087080262	10491974.1492568			
38	Concentration average	SR-1d.2	2	UNKNOWN	1	<Comment>	48044.1084584395	9.6164344073	0.0164796541	1191.3619928681			
38	Concentration SD	SR-1d.2	2	UNKNOWN	1	<Comment>	138.1128004972	0.2060660769	0.0049269231	24.1509716697			
39	Intensity average	SR-1e.2	2	UNKNOWN	1	<Comment>	339707832.299341	506.6784849775	18975.7699953251	190401045.912699			
39	Intensity SD	SR-1e.2	2	UNKNOWN	1	<Comment>	3724092.1006785	9.4283591312	1867.4206253251	4774408.21814139			
39	Concentration average	SR-1e.2	2	UNKNOWN	1	<Comment>	23002.4193139607	11.0734945458	0.0075171413	438.2599939229			
39	Concentration SD	SR-1e.2	2	UNKNOWN	1	<Comment>	252.3093324697	0.2060574635	0.0058202095	10.9899811013			
40	Intensity average	SR-1f.2	2	UNKNOWN	1	<Comment>	176317401.888225	415.0084805377	17621.1559321555	74192326.6221027			
40	Intensity SD	SR-1f.2	2	UNKNOWN	1	<Comment>	6793509.1369271	11.7846024533	1320.4456267331	1273614.21097364			
40	Concentration average	SR-1f.2	2	UNKNOWN	1	<Comment>	11932.6258409398	9.0700400391	0.0032952014	170.7647211144			
40	Concentration SD	SR-1f.2	2	UNKNOWN	1	<Comment>	460.2640614487	0.2575533299	0.0041154468	2.9316714176			
41	Intensity average	SR-1g.2	2	UNKNOWN	1	<Comment>	70697802.6687912	368.3397491315	15447.78181043	28798516.0743565			
41	Intensity SD	SR-1g.2	2	UNKNOWN	1	<Comment>	549764.990902477	63.6418943369	394.0423977628	293648.808733749			
41	Concentration average	SR-1g.2	2	UNKNOWN	1	<Comment>	4776.8386438529	8.0500915748	-0.0034785766	66.2748875597			
41	Concentration SD	SR-1g.2	2	UNKNOWN	1	<Comment>	37.2468870588	1.3908981548	0.0012281161	0.6759360974			
42	Intensity average	SR-1h.2	2	UNKNOWN	1	<Comment>	31657611.7361926	393.3410095107	22051.3240665334	9611933.04933098			
42	Intensity SD	SR-1h.2	2	UNKNOWN	1	<Comment>	597758.978939254	47.1416343813	9945.6579430819	351219.809892875			
42	Concentration average	SR-1h.2	2	UNKNOWN	1	<Comment>	2131.8437706295	8.5964959094	0.0171027531	22.1102130682			
42	Concentration SD	SR-1h.2	2	UNKNOWN	1	<Comment>	40.498506717	1.0302837927	0.0309977368	0.8084560215			
43	Intensity average	SR-1i.2	2	UNKNOWN	1	<Comment>	15612739.0692709	336.672442782	15991.0015189723	3910748.24347413			
43	Intensity SD	SR-1i.2	2	UNKNOWN	1	<Comment>	9202.2599466109	28.2850773702	1181.4381803161	129718.266727599			
43	Concentration average	SR-1i.2	2	UNKNOWN	1	<Comment>	1044.7946314796	7.3580003285	-0.001785518	8.9869294258			
43	Concentration SD	SR-1i.2	2	UNKNOWN	1	<Comment>	0.6234582823	0.6181723899	0.0036822008	0.2985922516			
44	Intensity average	SR-1j.2	2	UNKNOWN	1	<Comment>	324305.200290827	395.007834522	16619.7556985828	19786.2552379912			
44	Intensity SD	SR-1j.2	2	UNKNOWN	1	<Comment>	52112.320229152	2.3564941209	606.4762504163	458.6770700292			
44	Concentration average	SR-1j.2	2	UNKNOWN	1	<Comment>	8.9946459497	8.6329244893	0.0001741268	0.0305107948			
44	Concentration SD	SR-1j.2	2	UNKNOWN	1	<Comment>	3.5306389786	0.0515013476	0.0018902109	0.0010558067			
45	Intensity average	HNO3	5	BLK	1	<Comment>	207082.621234717	348.6726581188	16594.1119184712	10835.2290126015			
45	Intensity SD	HNO3	5	BLK	1	<Comment>	5425.3826139543	38.4862003925	2144.4426192394	11949.2590067883			
45	Concentration average	HNO3	5	BLK	1	<Comment>	N/A	N/A	N/A	N/A			
45	Concentration SD	HNO3	5	BLK	1	<Comment>	N/A	N/A	N/A	N/A			
46	Intensity average	11ppbSr-Drift	5	UNKNOWN	1	<Comment>	276582.559775543	394.0075064339	14705.6469229562	4293314.99330076			
46	Intensity SD	11ppbSr-Drift	5	UNKNOWN	1	<Comment>	4961.6300046573	60.6188186434	1595.4484734301	201491.304506149			
46	Concentration average	11ppbSr-Drift	5	UNKNOWN	1	<Comment>	5.7614102384	8.6110622473	-0.0057915962	9.8675414636			
46	Concentration SD	11ppbSr-Drift	5	UNKNOWN	1	<Comment>	0.3361532209	1.3248286192	0.0049725511	0.4638031621			
47	Intensity average	SR-1d.4	2	UNKNOWN	1	<Comment>	257099.31379868	385.0068971412	13440.3963712648	136526.720998923			
47	Intensity SD	SR-1d.4	2	UNKNOWN	1	<Comment>	37375.2058770238	35.3566378191	764.4957650788	16799.2939982943			
47	Concentration average	SR-1d.4	2	UNKNOWN	1	<Comment>	4.4414093754	8.4143532872	-0.0097350159	0.2992300693			
47	Concentration SD	SR-1d.4	2	UNKNOWN	1	<Comment>	2.5321912001	0.7727218496	0.002382712	0.0386694885			
48	Intensity average	SR-1e.4	2	UNKNOWN	1	<Comment>	300605.787838706	346.6725821195	14320.1475313778	439582.17492471			
48	Intensity SD	SR-1e.4	2	UNKNOWN	1	<Comment>	43776.386319855	14.1428521835	918.3702071303	8478.4510642051			
48	Concentration average	SR-1e.4	2	UNKNOWN	1	<Comment>	7.3889974389	7.5765540893	-0.0069930862	0.9968188718			
48	Concentration SD	SR-1e.4	2	UNKNOWN	1	<Comment>	2.9658747721	0.3090930465	0.0028622941	0.0195161395			
49	Intensity average	SR-1f.4	2	UNKNOWN	1	<Comment>	263365.950962427	325.0055924459	14665.2510032282	30010.3015978685			
49	Intensity SD	SR-1f.4	2	UNKNOWN	1	<Comment>	35279.8440656473	35.3559391666	599.3925203526	4790.3157661641			
49	Concentration average	SR-1f.4	2	UNKNOWN	1	<Comment>	4.8659775646	7.1030204795	-0.0059174986	0.0540450364			
49	Concentration SD	SR-1f.4	2	UNKNOWN	1	<Comment>	2.39022926	0.7727065805	0.001868133	0.0110265979			
50	Intensity average	SR-1g.4	2	UNKNOWN	1	<Comment>	257030.532536041	388.3405344849	14884.4352382464	65594.2746114363			
50	Intensity SD	SR-1g.4	2	UNKNOWN	1	<Comment>	7966.8306074352	40.0708263426	12.3864233703	1418.0405504027			
50	Concentration average	SR-1g.4	2	UNKNOWN	1	<Comment>	4.4367494062	8.4872101699	-0.0052343648	0.1359540758			
50	Concentration SD	SR-1g.4	2	UNKNOWN	1	<Comment>	0.5397572504	0.8757507771	3.86048960975689E-005	0.0032641195			
51	Intensity average	SR-1h.4	2	UNKNOWN	1	<Comment>	235228.377865214	388.3404584818	13317.2535396235	6330.6175972442			
51	Intensity SD	SR-1h.4	2	UNKNOWN	1	<Comment>	4272.8297868586	7.0710230189	198.5050983711	3242.8138563685			
51	Concentration average	SR-1h.4	2	UNKNOWN	1	<Comment>	2.9596411762	8.4872085088	-0.0101188165	-0.0004620916			
51	Concentration SD	SR-1h.4	2	UNKNOWN	1	<Comment>	0.2894866191	0.1545377141	0.0006186829	0.0074644776			
52	Intensity average	SR-1i.4	2	UNKNOWN	1	<Comment>	270903.432735063	343.339198119	14066.5211412145	12508.3809951929			
52	Intensity SD	SR-1i.4	2	UNKNOWN	1	<Comment>	57420.7963145162	9.4288786411	918.3870169462	1288.12330277			
52	Concentration average	SR-1i.4	2	UNKNOWN	1	<Comment>	5.3766461902	7.5037027434	-0.0077835663	0.0137582055			
52	Concentration SD	SR-1i.4	2	UNKNOWN	1	<Comment>	3.8902912163	0.2060688174	0.0028623465	0.0029650692			
53	Intensity average	SR-1j.4	2	UNKNOWN	1	<Comment>	261383.68908507	301.6711950838	13230.5875264171	8071.4624598189			
53	Intensity SD	SR-1j.4	2	UNKNOWN	1	<Comment>	40022.7721013859	35.3561720512	354.3672978797	4566.6865663181			
53	Concentration average	SR-1j.4	2	UNKNOWN	1	<Comment>	4.7316782086	6.5930455554	-0.0103889294	0.0035450757			
53	Concentration SD	SR-1j.4	2	UNKNOWN	1	<Comment>	2.7115652995	0.7727116702	0.0011044603	0.0105118366			
54	Intensity average	HNO3	5	BLK	1	<Comment>	207635.500143957	364.0065108013	14490.9461636418	9738.1193406446			
54	Intensity SD	HNO3	5	BLK	1	<Comment>	22259.0458057221	19.2070486741	1299.1846416173	8975.8945804832			
54	Concentration average	HNO3	5	BLK	1	<Comment>	N/A	N/A	N/A	N/A			
54	Concentration SD	HNO3	5	BLK	1	<Comment>	N/A	N/A	N/A	N/A			
55	Intensity average	11ppbSr-Drift	5	UNKNOWN	1	<Comment>	294940.59473155	344.0057710452	13919.384111968	4242447.47437744			
55	Intensity SD	11ppbSr-Drift	5	UNKNOWN	1	<Comment>	37918.4833612902	15.5284384523	1004.832564815	145895.63258451			
55	Concentration average	11ppbSr-Drift	5	UNKNOWN	1	<Comment>	7.0051774225	7.5182707424	-0.0082421498	9.7504519635			
55	Concentration SD	11ppbSr-Drift	5	UNKNOWN	1	<Comment>	2.568998555	0.3393751336	0.0031317722	0.3358301535			
56	Intensity average	SR-1d.5	2	UNKNOWN	1	<Comment>	242544.965288272	346.672721456	13015.0952642853	1205527.30233729			
56	Intensity SD	SR-1d.5	2	UNKNOWN	1	<Comment>	1774.4959091264	51.8558766507	25.7968165549	20167.6576816147			
56	Concentration average	SR-1d.5	2	UNKNOWN	1	<Comment>	3.4553440854	7.5765571345	-0.0110605564	2.7599111945			
56	Concentration SD	SR-1d.5	2	UNKNOWN	1	<Comment>	0.120223095	1.1333138949	8.04012096978806E-005	0.0464229632			
57	Intensity average	SR-1d.6	2	UNKNOWN	1	<Comment>	224392.266520645	383.3401608045	14644.2215640243	952006.65838511			
57	Intensity SD	SR-1d.6	2	UNKNOWN	1	<Comment>	1464.4987373021	18.8571123591	393.9369385576	24630.0874925194			
57	Concentration average	SR-1d.6	2	UNKNOWN	1	<Comment>	2.2254885435	8.3779266453	-0.0059830413	2.1763441934			
57	Concentration SD	SR-1d.6	2	UNKNOWN	1	<Comment>	0.0992206124	0.41212354	0.0012277874	0.0566948161			
58	Intensity average	SR-1d.7	2	UNKNOWN	1	<Comment>	245263.612731758	313.3381594184	13886.0403755813	1143209.03889018			
58	Intensity SD	SR-1d.7	2	UNKNOWN	1	<Comment>	1574.4921370862	18.8564853641	1743.1198732681	39174.3421527669			
58	Concentration average	SR-1d.7	2	UNKNOWN	1	<Comment>	3.6395339774	6.8480278958	-0.0083460726	2.6164637752			
58	Concentration SD	SR-1d.7	2	UNKNOWN	1	<Comment>	0.106672727	0.412109837	0.0054328001	0.0901735378			
59	Intensity average	SR-1d.8	2	UNKNOWN	1	<Comment>	286142.967013818	320.0049274182	13455.1996179312	1212322.76076511			
59	Intensity SD	SR-1d.8	2	UNKNOWN	1	<Comment>	63066.1518378206	9.4282874667	1752.7020155557	27684.4158577928			
59	Concentration average	SR-1d.8	2	UNKNOWN	1	<Comment>	6.409133201	6.9937305875	-0.0096888785	2.775553334			
59	Concentration SD	SR-1d.8	2	UNKNOWN	1	<Comment>	4.2727672253	0.2060558973	0.0054626648	0.063725428			
60	Intensity average	SR-1d.9	2	UNKNOWN	1	<Comment>	265839.950684781	388.3411678547	13621.5076763644	911270.097749562			
60	Intensity SD	SR-1d.9	2	UNKNOWN	1	<Comment>	2748.8223735529	25.9271680037	509.2106957641	10853.5493988025			
60	Concentration average	SR-1d.9	2	UNKNOWN	1	<Comment>	5.033592436	8.4872240122	-0.0091705444	2.0825746599			
60	Concentration SD	SR-1d.9	2	UNKNOWN	1	<Comment>	0.1862342604	0.566640112	0.0015870623	0.0249832644			
61	Intensity average	SR-1d.10	2	UNKNOWN	1	<Comment>	285267.794176088	306.6716701003	16647.8213801938	1133096.54122384			
61	Intensity SD	SR-1d.10	2	UNKNOWN	1	<Comment>	52321.4993459116	4.713722744	3856.0073317781	26692.7181981191			
61	Concentration average	SR-1d.10	2	UNKNOWN	1	<Comment>	6.3498397495	6.7023312947	0.0002615994	2.5931863022			
61	Concentration SD	SR-1d.10	2	UNKNOWN	1	<Comment>	3.5448109813	0.1030187479	0.0120180586	0.0614426867			
62	Intensity average	HNO3	5	BLK	1	<Comment>	218193.463535336	360.6728151875	15431.279035188	7432.4199948642			
62	Intensity SD	HNO3	5	BLK	1	<Comment>	27602.534007649	33.616564656	6597.3285580498	3980.1351156156			
62	Concentration average	HNO3	5	BLK	1	<Comment>	N/A	N/A	N/A	N/A			
62	Concentration SD	HNO3	5	BLK	1	<Comment>	N/A	N/A	N/A	N/A			
63	Intensity average	11ppbSr-Drift	5	UNKNOWN	1	<Comment>	253705.88643055	330.672153973	14076.1773144051	4182021.90415789			
63	Intensity SD	11ppbSr-Drift	5	UNKNOWN	1	<Comment>	3203.3985603482	45.5471584748	3369.3501138125	64893.6239576692			
63	Concentration average	11ppbSr-Drift	5	UNKNOWN	1	<Comment>	4.2115027644	7.2268635872	-0.0077534708	9.6113612439			
63	Concentration SD	11ppbSr-Drift	5	UNKNOWN	1	<Comment>	0.2170320525	0.9954364077	0.010501289	0.149375518			
64	Intensity average	SR-1e.5	2	UNKNOWN	1	<Comment>	288591.914767234	323.3386661034	13628.2266094898	3233379.75168916			
64	Intensity SD	SR-1e.5	2	UNKNOWN	1	<Comment>	7102.0480050452	37.7127199296	982.0465222234	89974.3515378263			
64	Concentration average	SR-1e.5	2	UNKNOWN	1	<Comment>	6.5750507874	7.066589685	-0.0091496034	7.4277274088			
64	Concentration SD	SR-1e.5	2	UNKNOWN	1	<Comment>	0.4811677431	0.8242141927	0.0030607547	0.207107641			
65	Intensity average	SR-1f.5	2	UNKNOWN	1	<Comment>	254524.832173718	331.6720311015	12191.1879029362	2011854.86395848			
65	Intensity SD	SR-1f.5	2	UNKNOWN	1	<Comment>	11459.7378338863	7.0715962744	352.04097231	47189.3452121428			
65	Concentration average	SR-1f.5	2	UNKNOWN	1	<Comment>	4.2669867987	7.2487159734	-0.0136284371	4.6159579041			
65	Concentration SD	SR-1f.5	2	UNKNOWN	1	<Comment>	0.7764036777	0.1545502426	0.0010972098	0.1086228886			
66	Intensity average	SR-1g.5	2	UNKNOWN	1	<Comment>	286322.79864179	356.6733421537	12388.013473905	735795.610828646			
66	Intensity SD	SR-1g.5	2	UNKNOWN	1	<Comment>	14791.2560837529	103.7124698781	545.2000069485	35597.5283325314			
66	Concentration average	SR-1g.5	2	UNKNOWN	1	<Comment>	6.4213168949	7.7951214154	-0.0130149888	1.6786583614			
66	Concentration SD	SR-1g.5	2	UNKNOWN	1	<Comment>	1.0021159112	2.2666434506	0.0016992306	0.0819402418			
67	Intensity average	SR-1h.5	2	UNKNOWN	1	<Comment>	226716.04004526	318.3385964345	14036.2460550986	281914.112987731			
67	Intensity SD	SR-1h.5	2	UNKNOWN	1	<Comment>	7120.9352153065	7.070987191	1540.4613474264	9526.1649493814			
67	Concentration average	SR-1h.5	2	UNKNOWN	1	<Comment>	2.3829255056	6.9573128046	-0.0078779249	0.6338903282			
67	Concentration SD	SR-1h.5	2	UNKNOWN	1	<Comment>	0.4824473622	0.154536931	0.0048011721	0.0219278218			
68	Intensity average	SR-1i.5	2	UNKNOWN	1	<Comment>	277652.264865523	358.3393944506	14062.9740436605	123234.283038086			
68	Intensity SD	SR-1i.5	2	UNKNOWN	1	<Comment>	48479.9332668733	7.0710767642	1365.7100052379	135.8482633253			
68	Concentration average	SR-1i.5	2	UNKNOWN	1	<Comment>	5.8338833594	7.8315331076	-0.0077946215	0.2686328444			
68	Concentration SD	SR-1i.5	2	UNKNOWN	1	<Comment>	3.2845427208	0.1545388887	0.0042565227	0.0003127026			
69	Intensity average	SR-1j.5	2	UNKNOWN	1	<Comment>	270719.740563805	351.6725504476	16039.0492721583	10777.3336647295			
69	Intensity SD	SR-1j.5	2	UNKNOWN	1	<Comment>	32853.870295471	40.0705576219	5783.3910896745	9234.0889484846			
69	Concentration average	SR-1j.5	2	UNKNOWN	1	<Comment>	5.3642009424	7.6858287549	-0.0016357671	0.0097735907			
69	Concentration SD	SR-1j.5	2	UNKNOWN	1	<Comment>	2.2258681738	0.8757449042	0.0180251559	0.0212555061			
70	Intensity average	HNO3	5	BLK	1	<Comment>	202100.9794929	360.0064601399	13923.7302608645	4677.5912894438			
70	Intensity SD	HNO3	5	BLK	1	<Comment>	29739.4248947356	44.1603652917	2759.4998180074	2043.820581336			
70	Concentration average	HNO3	5	BLK	1	<Comment>	N/A	N/A	N/A	N/A			
70	Concentration SD	HNO3	5	BLK	1	<Comment>	N/A	N/A	N/A	N/A			
71	Intensity average	11ppbSr-Drift	5	UNKNOWN	1	<Comment>	262685.710492212	332.0058217282	13761.0399363292	4201894.345953			
71	Intensity SD	11ppbSr-Drift	5	UNKNOWN	1	<Comment>	27394.1855518919	42.401135561	3064.7374554556	55541.1566945517			
71	Concentration average	11ppbSr-Drift	5	UNKNOWN	1	<Comment>	4.8198908905	7.2560109914	-0.0087356627	9.6571046638			
71	Concentration SD	11ppbSr-Drift	5	UNKNOWN	1	<Comment>	1.8559714645	0.9266798518	0.0095518995	0.1278475226			
72	Intensity average	HNO3	5	UNKNOWN	1	<Comment>	186343.885401501	318.0052415736	12056.4748289619	4892.2539150035			
72	Intensity SD	HNO3	5	UNKNOWN	1	<Comment>	8433.1031464152	25.2331080987	777.8995734005	2181.4142666649			
72	Concentration average	HNO3	5	UNKNOWN	1	<Comment>	-0.3523106575	6.9500273103	-0.0140482988	-0.0037729919			
72	Concentration SD	HNO3	5	UNKNOWN	1	<Comment>	0.5713474769	0.5514713831	0.0024244878	0.0050212928			
73	Intensity average	MilliQ	5	UNKNOWN	1	<Comment>	189435.666316768	351.3390866421	12281.5073447991	4570.6712930999			
73	Intensity SD	MilliQ	5	UNKNOWN	1	<Comment>	8277.2517540808	30.5150139856	2135.5131089407	1222.6559802074			
73	Concentration average	MilliQ	5	UNKNOWN	1	<Comment>	-0.1428407632	7.6785408795	-0.0133469375	-0.0045132275			
73	Concentration SD	MilliQ	5	UNKNOWN	1	<Comment>	0.5607884575	0.6669078142	0.0066557762	0.0028143731			
